日期,股票代码,名称,收盘价,最高价,最低价,开盘价,前收盘,涨跌额,涨跌幅,换手率,成交量,成交金额,总市值,流通市值
2018-01-17,'000582,北部湾港,10.24,10.25,9.86,9.86,9.89,0.35,3.5389,2.743,7218982,72888545.1,12700256624.6,2694943938.56
2018-01-16,'000582,北部湾港,9.89,9.98,9.76,9.78,9.85,0.04,0.4061,1.0511,2766280,27346271.7,12266165822.0,2602831596.91
2018-01-15,'000582,北部湾港,9.85,10.15,9.85,10.04,10.03,-0.18,-1.7946,1.3051,3434730,34289313.73,12216555444.6,2592304472.15
2018-01-12,'000582,北部湾港,10.03,10.17,9.92,9.92,10.0,0.03,0.3,1.6204,4264562,42918399.02,12439802143.1,2639676533.57
2018-01-11,'000582,北部湾港,10.0,10.07,9.91,10.04,10.07,-0.07,-0.6951,1.1134,2930157,29255784.72,12402594360.0,2631781190.0
2018-01-10,'000582,北部湾港,10.07,10.1,9.84,10.1,10.07,0.0,0.0,1.6127,4244384,42306175.36,12489412520.5,2650203658.33
2018-01-09,'000582,北部湾港,10.07,10.21,9.98,9.99,10.05,0.02,0.199,1.4991,3945320,39896549.36,12489412520.5,2650203658.33
2018-01-08,'000582,北部湾港,10.05,10.23,9.93,10.21,10.23,-0.18,-1.7595,2.0348,5355220,53612315.03,12464607331.8,2644940095.95
2018-01-05,'000582,北部湾港,10.23,10.37,10.17,10.28,10.33,-0.1,-0.9681,2.2381,5890063,60315528.15,12687854030.3,2692312157.37
2018-01-04,'000582,北部湾港,10.33,10.39,9.81,9.9,9.9,0.43,4.3434,3.8064,10017560,101925821.01,12811879973.9,2718629969.27
2018-01-03,'000582,北部湾港,9.9,10.23,9.8,9.9,9.9,0.0,0.0,2.3486,6180950,61680101.86,12278568416.4,2605463378.1
2018-01-02,'000582,北部湾港,9.9,10.02,9.47,9.49,9.49,0.41,4.3203,2.518,6626766,64716312.24,12278568416.4,2605463378.1
2017-12-29,'000582,北部湾港,9.49,9.51,9.35,9.37,9.37,0.12,1.2807,0.9121,2400343,22659893.85,11770062047.6,2497560349.31
2017-12-28,'000582,北部湾港,9.37,9.46,9.34,9.4,9.38,-0.01,-0.1066,0.8175,2151478,20248180.36,11621230915.3,2465978975.03
2017-12-27,'000582,北部湾港,9.38,9.5,9.36,9.48,9.48,-0.1,-1.0549,0.8867,2333500,21947319.0,11633633509.7,2468610756.22
2017-12-26,'000582,北部湾港,9.48,9.54,9.34,9.34,9.34,0.14,1.4989,0.9393,2472161,23377083.86,11757659453.3,2494928568.12
2017-12-25,'000582,北部湾港,9.34,9.49,9.34,9.49,9.46,-0.12,-1.2685,0.7542,1984986,18624146.86,11584023132.2,2458083631.46
2017-12-22,'000582,北部湾港,9.46,9.52,9.32,9.51,9.48,-0.02,-0.211,0.8912,2345366,22101217.6,11732854264.6,2489665005.74
2017-12-21,'000582,北部湾港,9.48,9.54,9.31,9.53,9.48,0.0,0.0,0.8321,2189855,20651108.05,11757659453.3,2494928568.12
2017-12-20,'000582,北部湾港,9.48,9.7,9.48,9.7,9.7,-0.22,-2.268,1.0818,2846953,27249787.14,11757659453.3,2494928568.12
2017-12-19,'000582,北部湾港,9.7,9.75,9.63,9.71,9.7,0.0,0.0,0.8549,2250000,21824858.1,12030516529.2,2552827754.3
2017-12-18,'000582,北部湾港,9.7,9.8,9.64,9.77,9.73,-0.03,-0.3083,0.829,2181750,21186550.9,12030516529.2,2552827754.3
2017-12-15,'000582,北部湾港,9.73,9.86,9.64,9.78,9.85,-0.12,-1.2183,1.0148,2670784,25969955.44,12067724312.3,2560723097.87
2017-12-14,'000582,北部湾港,9.85,10.13,9.62,9.7,9.7,0.15,1.5464,1.6169,4255432,42114903.26,12216555444.6,2592304472.15
2017-12-13,'000582,北部湾港,9.7,9.76,9.58,9.63,9.69,0.01,0.1032,0.7778,2046904,19803146.3,12030516529.2,2552827754.3
2017-12-12,'000582,北部湾港,9.69,9.9,9.65,9.85,9.91,-0.22,-2.22,1.0941,2879554,28086937.22,12018113934.8,2550195973.11
2017-12-11,'000582,北部湾港,9.91,9.97,9.7,9.7,9.68,0.23,2.376,1.4642,3853354,37994773.64,12290971010.8,2608095159.29
2017-12-08,'000582,北部湾港,9.68,9.69,9.55,9.58,9.59,0.09,0.9385,0.9177,2415210,23295025.5,12005711340.5,2547564191.92
2017-12-07,'000582,北部湾港,9.59,9.68,9.54,9.62,9.6,-0.01,-0.1042,0.9732,2561264,24646003.77,11894087991.2,2523878161.21
2017-12-06,'000582,北部湾港,9.6,9.61,9.39,9.5,9.51,0.09,0.9464,1.4552,3829836,36393593.22,11906490585.6,2526509942.4
2017-12-05,'000582,北部湾港,9.51,10.24,9.35,10.13,10.15,-0.64,-6.3054,2.9125,7665043,74877906.89,11794867236.4,2502823911.69
2017-12-04,'000582,北部湾港,10.15,10.67,10.15,10.56,10.63,-0.48,-4.5155,2.2942,6037893,62804385.19,12588633275.4,2671257907.85
2017-12-01,'000582,北部湾港,10.63,10.73,10.45,10.62,10.65,-0.02,-0.1878,1.2801,3368977,35542022.04,13183957804.7,2797583404.97
2017-11-30,'000582,北部湾港,10.65,10.85,10.61,10.75,10.8,-0.15,-1.3889,1.3641,3590017,38536650.83,13208762993.4,2802846967.35
2017-11-29,'000582,北部湾港,10.8,10.8,10.49,10.56,10.57,0.23,2.176,1.6788,4418340,47013980.31,13394801908.8,2842323685.2
2017-11-28,'000582,北部湾港,10.57,10.65,10.42,10.46,10.42,0.15,1.4395,1.3772,3624522,38180656.25,13109542238.5,2781792717.83
2017-11-27,'000582,北部湾港,10.42,10.64,10.4,10.47,10.45,-0.03,-0.2871,1.3391,3524310,37056804.5,12923503323.1,2742315999.98
2017-11-24,'000582,北部湾港,10.45,10.53,10.3,10.32,10.36,0.09,0.8687,1.3648,3591775,37410477.0,12960711106.2,2750211343.55
2017-11-23,'000582,北部湾港,10.36,10.86,10.32,10.84,10.9,-0.54,-4.9541,2.372,6242607,66314063.37,12849087757.0,2726525312.84
2017-11-22,'000582,北部湾港,10.9,10.93,10.73,10.8,10.79,0.11,1.0195,1.915,5039840,54671521.2,13518827852.4,2868641497.1
2017-11-21,'000582,北部湾港,10.79,10.96,10.63,10.91,10.98,-0.19,-1.7304,2.4605,6475500,69913102.67,13382399314.4,2839691904.01
2017-11-20,'000582,北部湾港,10.98,11.2,10.48,11.2,11.29,-0.31,-2.7458,3.5229,9271428,100328309.8,13618048607.3,2889695746.62
2017-11-17,'000582,北部湾港,11.29,12.34,11.07,12.21,12.28,-0.99,-8.0619,5.3563,14096678,165673477.05,14002529032.4,2971280963.51
2017-11-16,'000582,北部湾港,12.28,12.42,12.1,12.35,12.44,-0.16,-1.2862,3.3287,8760320,107520490.19,15230385874.1,3231827301.32
2017-11-15,'000582,北部湾港,12.44,13.05,12.41,13.02,13.12,-0.68,-5.1829,5.1483,13549150,171637259.49,15428827383.8,3273935800.36
2017-11-14,'000582,北部湾港,13.12,13.15,12.81,13.07,13.04,0.08,0.6135,4.3286,11391801,148441373.62,16272203800.3,3452896921.28
2017-11-13,'000582,北部湾港,13.04,13.6,12.88,13.57,13.82,-0.78,-5.644,8.7066,22913841,301141178.47,16172983045.4,3431842671.76
2017-11-10,'000582,北部湾港,13.82,14.35,13.8,14.0,13.9,-0.08,-0.5755,9.9505,26187494,367591759.25,17140385405.5,3637121604.58
2017-11-09,'000582,北部湾港,13.9,13.9,13.33,13.43,13.39,0.51,3.8088,7.1551,18830669,257489865.15,17239606160.4,3658175854.1
2017-11-08,'000582,北部湾港,13.39,13.96,13.31,13.59,13.7,-0.31,-2.2628,6.4973,17099557,232220671.89,16607073848.0,3523955013.41
2017-11-07,'000582,北部湾港,13.7,13.97,13.13,13.5,13.55,0.15,1.107,7.8995,20789703,280911288.77,16991554273.2,3605540230.3
2017-11-06,'000582,北部湾港,13.55,13.9,13.31,13.5,13.79,-0.24,-1.7404,7.7559,20411849,277098425.67,16805515357.8,3566063512.45
2017-11-03,'000582,北部湾港,13.79,14.0,12.41,12.83,12.89,0.9,6.9822,11.6129,30562585,406834943.15,17103177622.4,3629226261.01
2017-11-02,'000582,北部湾港,12.89,13.59,12.73,12.74,13.22,-0.33,-2.4962,7.5331,19825599,260155917.67,15986944130.0,3392365953.91
2017-11-01,'000582,北部湾港,0.0,0.0,0.0,0.0,13.22,None,None,0.0,0,0.0,16396229743.9,3479214733.18
2017-10-31,'000582,北部湾港,0.0,0.0,0.0,0.0,13.22,None,None,0.0,0,0.0,16396229743.9,3479214733.18
2017-10-30,'000582,北部湾港,0.0,0.0,0.0,0.0,13.22,None,None,0.0,0,0.0,16396229743.9,3479214733.18
2017-10-27,'000582,北部湾港,0.0,0.0,0.0,0.0,13.22,None,None,0.0,0,0.0,16396229743.9,3479214733.18
2017-10-26,'000582,北部湾港,0.0,0.0,0.0,0.0,13.22,None,None,0.0,0,0.0,16396229743.9,3479214733.18
2017-10-25,'000582,北部湾港,13.22,13.65,12.92,13.3,13.49,-0.27,-2.0015,14.1358,37202384,492132210.56,16396229743.9,3479214733.18
2017-10-24,'000582,北部湾港,13.49,13.49,12.14,12.19,12.26,1.23,10.0326,14.3696,37817568,493611414.33,16731099791.6,3550272825.31
2017-10-23,'000582,北部湾港,12.26,12.35,12.02,12.29,12.19,0.07,0.5742,4.4527,11718450,143318193.91,15205580685.4,3226563738.94
2017-10-20,'000582,北部湾港,12.19,12.35,11.74,11.77,11.61,0.58,4.9957,3.57,9395341,113496405.78,15118762524.8,3208141270.61
2017-10-19,'000582,北部湾港,11.61,12.1,11.6,12.06,12.0,-0.39,-3.25,1.8214,4793581,56566271.4,14399412052.0,3055497961.59
2017-10-18,'000582,北部湾港,12.0,12.2,11.92,12.09,12.06,-0.06,-0.4975,1.4396,3788683,45662583.71,14883113232.0,3158137428.0
2017-10-17,'000582,北部湾港,12.06,12.12,11.87,11.99,11.89,0.17,1.4298,1.1477,3020591,36187824.24,14957528798.2,3173928115.14
2017-10-16,'000582,北部湾港,11.89,12.17,11.87,12.14,12.11,-0.22,-1.8167,1.2886,3391288,40613502.73,14746684694.0,3129187834.91
2017-10-13,'000582,北部湾港,12.11,12.32,12.0,12.32,12.08,0.03,0.2483,1.3193,3472100,42110790.5,15019541770.0,3187087021.09
2017-10-12,'000582,北部湾港,12.08,12.17,11.91,12.0,12.06,0.02,0.1658,1.6311,4292681,51588901.65,14982333986.9,3179191677.52
2017-10-11,'000582,北部湾港,12.06,12.25,11.83,11.9,11.92,0.14,1.1745,2.3441,6169174,74289397.18,14957528798.2,3173928115.14
2017-10-10,'000582,北部湾港,11.92,11.92,11.72,11.81,11.86,0.06,0.5059,1.1802,3105986,36748241.27,14783892477.1,3137083178.48
2017-10-09,'000582,北部湾港,11.86,11.9,11.77,11.81,11.76,0.1,0.8503,1.16,3052984,36116842.59,14709476911.0,3121292491.34
2017-09-29,'000582,北部湾港,11.76,11.79,11.69,11.72,11.7,0.06,0.5128,0.7701,2026847,23817577.15,14585450967.4,3094974679.44
2017-09-28,'000582,北部湾港,11.7,11.85,11.7,11.81,11.81,-0.11,-0.9314,0.9999,2631568,30990267.8,14511035401.2,3079183992.3
2017-09-27,'000582,北部湾港,11.81,11.85,11.72,11.79,11.79,0.02,0.1696,0.9338,2457457,28962702.36,14647463939.2,3108133585.39
2017-09-26,'000582,北部湾港,11.79,11.87,11.66,11.83,11.84,-0.05,-0.4223,1.0261,2700438,31747999.52,14622658750.4,3102870023.01
2017-09-25,'000582,北部湾港,11.84,12.03,11.78,11.98,12.02,-0.18,-1.4975,1.5959,4200067,49950515.05,14684671722.2,3116028928.96
2017-09-22,'000582,北部湾港,12.02,12.37,12.0,12.06,11.97,0.05,0.4177,2.7839,7326561,89359558.28,14907918420.7,3163400990.38
2017-09-21,'000582,北部湾港,11.97,12.24,11.93,12.22,12.25,-0.28,-2.2857,2.3567,6202287,74862494.35,14845905448.9,3150242084.43
2017-09-20,'000582,北部湾港,12.25,12.28,12.17,12.27,12.27,-0.02,-0.163,1.9816,5215164,63735091.7,15193178091.0,3223931957.75
2017-09-19,'000582,北部湾港,12.27,12.27,12.16,12.21,12.25,0.02,0.1633,1.8774,4940790,60299260.94,15217983279.7,3229195520.13
2017-09-18,'000582,北部湾港,12.25,12.32,12.16,12.26,12.32,-0.07,-0.5682,2.1521,5663753,69227515.33,15193178091.0,3223931957.75
2017-09-15,'000582,北部湾港,12.32,12.43,12.24,12.42,12.54,-0.22,-1.7544,3.9092,10288176,126841957.0,15279996251.5,3242354426.08
2017-09-14,'000582,北部湾港,12.54,12.55,12.05,12.15,12.2,0.34,2.7869,5.7208,15055803,185138828.81,15552853327.4,3300253612.26
2017-09-13,'000582,北部湾港,12.2,12.3,12.03,12.05,11.97,0.23,1.9215,3.3421,8795644,106821419.19,15131165119.2,3210773051.8
2017-09-12,'000582,北部湾港,11.97,12.17,11.93,12.1,12.12,-0.15,-1.2376,2.3874,6283209,75379537.37,14845905448.9,3150242084.43
2017-09-11,'000582,北部湾港,12.12,12.14,11.92,12.0,11.99,0.13,1.0842,2.1785,5733246,69275908.83,15031944364.3,3189718802.28
2017-09-08,'000582,北部湾港,11.99,12.01,11.84,11.84,11.84,0.15,1.2669,1.59,4184497,50032121.7,14870710637.6,3155505646.81
2017-09-07,'000582,北部湾港,11.84,12.06,11.83,12.06,12.04,-0.2,-1.6611,2.2117,5820620,69527196.73,14684671722.2,3116028928.96
2017-09-06,'000582,北部湾港,12.04,12.04,11.86,12.01,12.02,0.02,0.1664,2.0203,5316907,63448529.57,14932723609.4,3168664552.76
2017-09-05,'000582,北部湾港,12.02,12.16,12.0,12.16,12.21,-0.19,-1.5561,2.1229,5586942,67342810.1,14907918420.7,3163400990.38
2017-09-04,'000582,北部湾港,12.21,12.3,12.13,12.29,12.17,0.04,0.3287,2.8766,7570511,92381055.1,15143567713.6,3213404832.99
2017-09-01,'000582,北部湾港,12.17,12.18,12.07,12.18,12.13,0.04,0.3298,2.2289,5866027,71064881.64,15093957336.1,3202877708.23
2017-08-31,'000582,北部湾港,12.13,12.24,12.01,12.24,12.17,-0.04,-0.3287,2.3872,6282552,75995772.51,15044346958.7,3192350583.47
2017-08-30,'000582,北部湾港,12.17,12.29,11.92,12.01,11.97,0.2,1.6708,3.6632,9640847,117378727.96,15093957336.1,3202877708.23
2017-08-29,'000582,北部湾港,11.97,12.08,11.84,11.88,11.89,0.08,0.6728,2.7043,7117006,85138957.47,14845905448.9,3150242084.43
2017-08-28,'000582,北部湾港,11.89,11.97,11.78,11.85,11.81,0.08,0.6774,2.4859,6542304,77699946.73,14746684694.0,3129187834.91
2017-08-25,'000582,北部湾港,11.81,11.88,11.55,11.56,11.68,0.13,1.113,2.3853,6277667,73918112.59,14647463939.2,3108133585.39
2017-08-24,'000582,北部湾港,11.68,11.98,11.68,11.8,11.94,-0.26,-2.1776,2.9392,7735291,91241999.36,14486230212.5,3073920429.92
2017-08-23,'000582,北部湾港,11.94,12.55,11.85,11.85,11.48,0.46,4.007,5.9398,15632225,187933915.32,14808697665.8,3142346740.86
2017-08-22,'000582,北部湾港,11.48,11.68,11.45,11.67,11.67,-0.19,-1.6281,1.7257,4541763,52490602.75,14238178325.3,3021284806.12
2017-08-21,'000582,北部湾港,11.67,11.75,11.54,11.69,11.6,0.07,0.6034,1.7785,4680537,54557244.66,14473827618.1,3071288648.73
2017-08-18,'000582,北部湾港,11.6,11.7,11.34,11.43,11.47,0.13,1.1334,2.637,6940082,80308621.18,14387009457.6,3052866180.4
2017-08-17,'000582,北部湾港,11.47,11.57,11.35,11.38,11.39,0.08,0.7024,1.6187,4260017,48853293.14,14225775730.9,3018653024.93
2017-08-16,'000582,北部湾港,11.39,11.39,11.25,11.33,11.31,0.08,0.7073,1.2246,3222931,36524908.57,14126554976.0,2997598775.41
2017-08-15,'000582,北部湾港,11.31,11.34,11.18,11.28,11.27,0.04,0.3549,1.3407,3528540,39807413.8,14027334221.2,2976544525.89
2017-08-14,'000582,北部湾港,11.27,11.29,11.12,11.12,11.12,0.15,1.3489,1.2993,3419487,38371456.8,13977723843.7,2966017401.13
2017-08-11,'000582,北部湾港,11.12,11.39,11.1,11.39,11.43,-0.31,-2.7122,2.8056,7383778,82782350.3,13791684928.3,2926540683.28
2017-08-10,'000582,北部湾港,11.43,11.69,11.38,11.62,11.61,-0.18,-1.5504,2.298,6047747,69722851.87,14176165353.5,3008125900.17
2017-08-09,'000582,北部湾港,11.61,11.73,11.57,11.71,11.7,-0.09,-0.7692,1.4607,3844276,44671083.87,14399412052.0,3055497961.59
2017-08-08,'000582,北部湾港,11.7,11.73,11.53,11.68,11.67,0.03,0.2571,2.4991,6577115,76449662.96,14511035401.2,3079183992.3
2017-08-07,'000582,北部湾港,11.67,11.71,11.6,11.65,11.6,0.07,0.6034,1.3714,3609145,42043821.87,14473827618.1,3071288648.73
2017-08-04,'000582,北部湾港,11.6,11.83,11.59,11.82,11.8,-0.2,-1.6949,2.206,5805784,67873157.32,14387009457.6,3052866180.4
2017-08-03,'000582,北部湾港,11.8,11.83,11.5,11.57,11.6,0.2,1.7241,2.4739,6510754,76122620.55,14635061344.8,3105501804.2
2017-08-02,'000582,北部湾港,11.6,11.9,11.6,11.71,11.71,-0.11,-0.9394,3.0453,8014610,94066927.6,14387009457.6,3052866180.4
2017-08-01,'000582,北部湾港,11.71,11.88,11.65,11.66,11.68,0.03,0.2568,2.4858,6542155,76927471.25,14523437995.6,3081815773.49
2017-07-31,'000582,北部湾港,11.68,11.96,11.66,11.9,11.92,-0.24,-2.0134,3.5207,9265729,109002821.56,14486230212.5,3073920429.92
2017-07-28,'000582,北部湾港,11.92,12.07,11.81,11.9,11.97,-0.05,-0.4177,2.3266,6123086,72996793.64,14783892477.1,3137083178.48
2017-07-27,'000582,北部湾港,11.97,12.13,11.62,11.93,11.94,0.03,0.2513,3.5927,9455074,112219897.61,14845905448.9,3150242084.43
2017-07-26,'000582,北部湾港,11.94,12.24,11.89,12.11,12.18,-0.24,-1.9704,3.5317,9294784,111485001.94,14808697665.8,3142346740.86
2017-07-25,'000582,北部湾港,12.18,12.43,12.08,12.2,12.32,-0.14,-1.1364,3.6765,9675813,118390549.04,15106359930.5,3205509489.42
2017-07-24,'000582,北部湾港,12.32,12.34,11.9,11.98,12.08,0.24,1.9868,4.3579,11468991,140119869.43,15279996251.5,3242354426.08
2017-07-21,'000582,北部湾港,12.08,12.47,12.03,12.2,12.32,-0.24,-1.9481,5.4988,14471636,177632291.78,14982333986.9,3179191677.52
2017-07-20,'000582,北部湾港,12.32,12.35,11.86,12.02,11.9,0.42,3.5294,5.9845,15749802,190905137.86,15279996251.5,3242354426.08
2017-07-19,'000582,北部湾港,11.9,11.96,11.6,11.68,11.78,0.12,1.0187,3.7071,9756295,115507338.34,14759087288.4,3131819616.1
2017-07-18,'000582,北部湾港,11.78,11.86,11.27,11.27,11.54,0.24,2.0797,3.5792,9419767,109730976.38,14610256156.1,3100238241.82
2017-07-17,'000582,北部湾港,11.54,12.45,11.03,12.18,12.26,-0.72,-5.8728,5.6413,14846640,174519808.19,14312593891.4,3037075493.26
2017-07-14,'000582,北部湾港,12.26,12.54,12.14,12.36,12.38,-0.12,-0.9693,5.1762,13622626,167833941.21,15205580685.4,3226563738.94
2017-07-13,'000582,北部湾港,12.38,12.55,11.96,12.1,12.2,0.18,1.4754,9.3183,24523841,302291739.89,15354411817.7,3258145113.22
2017-07-12,'000582,北部湾港,12.2,12.2,11.51,11.63,11.87,0.33,2.7801,9.278,24417711,290259775.41,15131165119.2,3210773051.8
2017-07-11,'000582,北部湾港,11.87,12.23,11.25,11.29,11.22,0.65,5.7932,9.2588,24367024,285184627.72,14721879505.3,3123924272.53
2017-07-10,'000582,北部湾港,11.22,11.36,11.2,11.35,11.39,-0.17,-1.4925,2.0745,5459614,61433204.01,13915710871.9,2952858495.18
2017-07-07,'000582,北部湾港,11.39,11.47,11.31,11.45,11.52,-0.13,-1.1285,2.2572,5940483,67545631.39,14126554976.0,2997598775.41
2017-07-06,'000582,北部湾港,11.52,11.78,11.25,11.29,11.3,0.22,1.9469,4.1638,10958254,126243418.97,14287788702.7,3031811930.88
2017-07-05,'000582,北部湾港,11.3,11.32,11.03,11.32,11.33,-0.03,-0.2648,2.6197,6894374,77132855.42,14014931626.8,2973912744.7
2017-07-04,'000582,北部湾港,11.33,11.49,11.31,11.49,11.5,-0.17,-1.4783,1.745,4592457,52254383.37,14052139409.9,2981808088.27
2017-07-03,'000582,北部湾港,11.5,11.53,11.32,11.38,11.35,0.15,1.3216,1.7933,4719613,53992912.8,14262983514.0,3026548368.5
2017-06-30,'000582,北部湾港,11.35,11.5,11.31,11.44,11.5,-0.15,-1.3043,1.7294,4551326,51670747.46,14076944598.6,2987071650.65
2017-06-29,'000582,北部湾港,11.5,11.52,11.41,11.42,11.42,0.08,0.7005,1.6451,4329450,49680426.28,14262983514.0,3026548368.5
2017-06-28,'000582,北部湾港,11.42,11.65,11.41,11.65,11.64,-0.22,-1.89,2.1148,5565821,64075269.08,14163762759.1,3005494118.98
2017-06-27,'000582,北部湾港,11.64,11.74,11.41,11.41,11.4,0.24,2.1053,2.7843,7327624,85163586.83,14436619835.0,3063393305.16
2017-06-26,'000582,北部湾港,11.4,11.43,11.24,11.24,11.28,0.12,1.0638,2.1415,5635846,63958569.1,14138957570.4,3000230556.6
2017-06-23,'000582,北部湾港,11.28,11.45,10.99,11.35,11.36,-0.08,-0.7042,3.1455,8278288,92684367.44,13990126438.1,2968649182.32
2017-06-22,'000582,北部湾港,11.36,11.93,11.32,11.83,11.8,-0.44,-3.7288,3.2167,8465543,98953912.97,14089347193.0,2989703431.84
2017-06-21,'000582,北部湾港,11.8,12.1,11.8,12.04,12.1,-0.3,-2.4793,3.4766,9149650,109021828.25,14635061344.8,3105501804.2
2017-06-20,'000582,北部湾港,12.1,12.21,11.91,12.13,12.14,-0.04,-0.3295,3.4848,9171247,110394806.8,15007139175.6,3184455239.9
2017-06-19,'000582,北部湾港,12.14,12.25,11.98,12.08,12.05,0.09,0.7469,3.1932,8403760,101600762.3,15056749553.0,3194982364.66
2017-06-16,'000582,北部湾港,12.05,12.19,11.96,12.12,12.12,-0.07,-0.5776,2.9561,7779879,93792261.03,14945126203.8,3171296333.95
2017-06-15,'000582,北部湾港,12.12,12.2,11.9,12.2,12.26,-0.14,-1.1419,4.354,11458847,138111610.45,15031944364.3,3189718802.28
2017-06-14,'000582,北部湾港,12.26,12.37,11.92,11.92,11.79,0.47,3.9864,7.2886,19182094,234478176.06,15205580685.4,3226563738.94
2017-06-13,'000582,北部湾港,11.79,11.79,11.53,11.58,11.48,0.31,2.7003,3.9259,10332216,120848461.33,14622658750.4,3102870023.01
2017-06-12,'000582,北部湾港,11.48,11.75,11.35,11.35,11.44,0.04,0.3497,3.9231,10324657,119549373.89,14238178325.3,3021284806.12
2017-06-09,'000582,北部湾港,11.44,11.7,11.3,11.41,11.61,-0.17,-1.4643,3.7708,9923826,113323602.69,14188567947.8,3010757681.36
2017-06-08,'000582,北部湾港,11.61,11.92,11.47,11.58,11.54,0.07,0.6066,5.4169,14256000,166468644.08,14399412052.0,3055497961.59
2017-06-07,'000582,北部湾港,11.54,11.78,11.05,11.16,11.1,0.44,3.964,5.4059,14227272,162148697.32,14312593891.4,3037075493.26
2017-06-06,'000582,北部湾港,11.1,11.15,10.78,10.93,10.92,0.18,1.6484,2.9135,7667639,84614917.85,13766879739.6,2921277120.9
2017-06-05,'000582,北部湾港,10.92,11.1,10.6,10.8,10.76,0.16,1.487,2.6732,7035182,76901557.12,13543633041.1,2873905059.48
2017-06-02,'000582,北部湾港,10.76,10.96,10.3,10.96,11.0,-0.24,-2.1818,4.1893,11025411,118175392.54,13345191531.4,2831796560.44
2017-06-01,'000582,北部湾港,11.0,11.6,10.91,11.54,11.65,-0.65,-5.5794,4.3612,11477697,129021338.11,13642853796.0,2894959309.0
2017-05-31,'000582,北部湾港,11.65,11.88,11.51,11.6,11.48,0.17,1.4808,3.7274,9809674,114509081.07,14449022429.4,3066025086.35
2017-05-26,'000582,北部湾港,11.48,11.98,11.4,11.8,11.89,-0.41,-3.4483,4.528,11916704,139681376.6,14238178325.3,3021284806.12
2017-05-25,'000582,北部湾港,11.89,12.12,11.7,12.03,12.09,-0.2,-1.6543,3.8031,10008964,119065182.01,14746684694.0,3129187834.91
2017-05-24,'000582,北部湾港,12.09,12.27,11.0,11.4,11.61,0.48,4.1344,5.8069,15282452,178483250.98,14994736581.2,3181823458.71
2017-05-23,'000582,北部湾港,11.61,12.52,11.4,12.36,12.51,-0.9,-7.1942,5.7271,15072529,181090807.23,14399412052.0,3055497961.59
2017-05-22,'000582,北部湾港,12.51,13.56,12.26,13.53,13.62,-1.11,-8.1498,5.8235,15326182,196958981.42,15515645544.4,3292358268.69
2017-05-19,'000582,北部湾港,17.84,18.55,17.78,18.32,18.38,-0.54,-2.938,3.5396,9343152,168952386.69,17020175644.8,4709000354.96
2017-05-18,'000582,北部湾港,18.38,18.98,18.3,18.47,18.82,-0.44,-2.3379,4.9566,13083207,242861816.08,17535360333.6,4851537361.22
2017-05-17,'000582,北部湾港,18.82,18.86,17.37,17.62,17.7,1.12,6.3277,7.0431,18590854,335401108.4,17955140450.4,4967678625.58
2017-05-16,'000582,北部湾港,17.7,17.9,16.45,17.9,17.91,-0.21,-1.1725,5.6259,14849886,256116276.44,16886609244.0,4672046316.3
2017-05-15,'000582,北部湾港,17.91,19.18,17.88,18.95,18.9,-0.99,-5.2381,6.602,17426363,320653168.56,17086958845.2,4727477374.29
2017-05-12,'000582,北部湾港,18.9,19.66,17.34,17.34,18.62,0.28,1.5038,10.2469,27047570,501061220.15,18031464108.0,4988795219.1
2017-05-11,'000582,北部湾港,18.62,18.62,18.62,18.62,20.69,-2.07,-10.0048,0.6291,1660500,30918510.0,17764331306.4,4914887141.78
2017-05-10,'000582,北部湾港,0.0,0.0,0.0,0.0,20.69,None,None,0.0,0,0.0,19739205946.8,5461278999.11
2017-05-09,'000582,北部湾港,0.0,0.0,0.0,0.0,20.69,None,None,0.0,0,0.0,19739205946.8,5461278999.11
2017-05-08,'000582,北部湾港,0.0,0.0,0.0,0.0,20.69,None,None,0.0,0,0.0,19739205946.8,5461278999.11
2017-05-05,'000582,北部湾港,0.0,0.0,0.0,0.0,20.69,None,None,0.0,0,0.0,19739205946.8,5461278999.11
2017-05-04,'000582,北部湾港,0.0,0.0,0.0,0.0,20.69,None,None,0.0,0,0.0,19739205946.8,5461278999.11
2017-05-03,'000582,北部湾港,20.69,21.4,20.29,20.39,20.57,0.12,0.5834,7.9025,20859262,437259434.03,19739205946.8,5461278999.11
2017-05-02,'000582,北部湾港,20.57,21.52,20.03,20.03,19.95,0.62,3.1078,7.9504,20985639,434590136.0,19624720460.4,5429604108.83
2017-04-28,'000582,北部湾港,19.95,20.07,19.28,19.36,19.7,0.25,1.269,7.6485,20188844,399052040.01,19033212114.0,5265950509.05
2017-04-27,'000582,北部湾港,19.7,20.44,18.0,18.41,18.58,1.12,6.028,11.044,29151345,568591544.0,18794700684.0,5199961154.3
2017-04-26,'000582,北部湾港,18.58,18.99,18.33,18.56,18.84,-0.26,-1.38,4.7837,12626978,235110214.91,17726169477.6,4904328845.02
2017-04-25,'000582,北部湾港,18.84,18.87,17.86,18.4,18.46,0.38,2.0585,7.2624,19169512,354870920.56,17974221364.8,4972957773.96
2017-04-24,'000582,北部湾港,18.46,19.45,17.75,18.6,18.33,0.13,0.7092,9.3045,24559877,457741239.57,17611683991.2,4872653954.74
2017-04-21,'000582,北部湾港,18.33,19.97,18.33,19.51,20.37,-2.04,-10.0147,10.4988,27712472,516368946.36,17487658047.6,4838339490.27
2017-04-20,'000582,北部湾港,20.37,23.0,20.21,23.0,21.33,-0.96,-4.5007,14.5683,38454077,831749198.73,19433911316.4,5376812625.03
2017-04-19,'000582,北部湾港,21.33,21.85,20.63,21.3,21.5,-0.17,-0.7907,7.1417,18850957,399556004.98,20349795207.6,5630211747.27
2017-04-18,'000582,北部湾港,21.5,22.38,20.19,20.19,20.39,1.11,5.4438,7.4355,19626573,415696689.09,20511982980.0,5675084508.5
2017-04-17,'000582,北部湾港,20.39,21.29,19.56,19.9,20.1,0.29,1.4428,7.5461,19918368,408681121.67,19452992230.8,5382091773.41
2017-04-14,'000582,北部湾港,20.1,20.33,19.64,20.04,20.31,-0.21,-1.034,5.73,15124796,301931460.27,19176318972.0,5305544121.9
2017-04-13,'000582,北部湾港,20.31,20.35,19.32,19.32,19.3,1.01,5.2332,9.0872,23986376,478016288.41,19376668573.2,5360975179.89
2017-04-12,'000582,北部湾港,19.3,20.16,19.1,19.91,19.6,-0.3,-1.5306,6.9846,18436444,360361517.69,18413082396.0,5094378186.7
2017-04-11,'000582,北部湾港,19.6,20.06,18.8,18.8,18.73,0.87,4.645,9.3374,24646746,481612761.57,18699296112.0,5173565412.4
2017-04-10,'000582,北部湾港,18.73,19.25,18.2,18.26,18.26,0.47,2.5739,7.0777,18682213,352919574.24,17869276335.6,4943922457.87
2017-04-07,'000582,北部湾港,18.26,18.52,17.88,18.3,18.58,-0.32,-1.7223,4.9419,13044615,237416873.5,17420874847.2,4819862470.94
2017-04-06,'000582,北部湾港,18.58,18.87,17.34,17.5,17.5,1.08,6.1714,8.0059,21132112,385298919.07,17726169477.6,4904328845.02
2017-04-05,'000582,北部湾港,17.5,17.63,17.06,17.13,17.17,0.33,1.922,3.5246,9303323,162213274.0,16695800100.0,4619254832.5
2017-03-31,'000582,北部湾港,17.17,18.49,16.81,18.16,18.59,-1.42,-7.6385,5.8832,15529171,271582160.35,16380965012.4,4532148884.23
2017-03-30,'000582,北部湾港,18.59,19.56,18.41,18.77,19.0,-0.41,-2.1579,10.5248,27780878,529561698.34,17735709934.8,4906968419.21
2017-03-29,'000582,北部湾港,19.0,19.76,18.1,18.11,18.15,0.85,4.6832,11.9029,31418666,595743740.81,18126868680.0,5015190961.0
2017-03-28,'000582,北部湾港,18.15,18.46,17.82,18.3,18.41,-0.26,-1.4123,4.6618,12305087,222147614.76,17315929818.0,4790827154.85
2017-03-27,'000582,北部湾港,18.41,18.94,18.3,18.41,18.48,-0.07,-0.3788,8.0213,21172712,393411745.69,17563981705.2,4859456083.79
2017-03-24,'000582,北部湾港,18.48,19.18,17.65,17.65,17.57,0.91,5.1793,9.6147,25378781,467163365.39,17630764905.6,4877933103.12
2017-03-23,'000582,北部湾港,17.57,17.58,17.0,17.21,17.27,0.3,1.7371,5.4646,14424147,249870254.16,16762583300.4,4637731851.83
2017-03-22,'000582,北部湾港,17.27,17.73,16.91,17.08,17.09,0.18,1.0532,6.0035,15846593,275184567.63,16476369584.4,4558544626.13
2017-03-21,'000582,北部湾港,17.09,17.39,16.87,17.22,17.2,-0.11,-0.6395,3.3808,8923862,152702671.23,16304641354.8,4511032290.71
2017-03-20,'000582,北部湾港,17.2,17.43,16.24,16.25,16.17,1.03,6.3698,4.2634,11253471,190409194.26,16409586384.0,4540067606.8
2017-03-17,'000582,北部湾港,16.17,16.42,16.17,16.31,16.33,-0.16,-0.9798,1.5329,4046199,65979170.52,15426919292.4,4268191465.23
2017-03-16,'000582,北部湾港,16.33,16.42,15.98,15.98,15.98,0.35,2.1902,1.6246,4288382,69968636.86,15579566607.6,4310424652.27
2017-03-15,'000582,北部湾港,15.98,16.19,15.95,16.15,16.16,-0.18,-1.1139,1.0681,2819406,45202193.65,15245650605.6,4218039555.62
2017-03-14,'000582,北部湾港,16.16,16.45,16.16,16.33,16.4,-0.24,-1.4634,1.228,3241300,52853343.86,15417378835.2,4265551891.04
2017-03-13,'000582,北部湾港,16.4,16.4,15.52,16.2,16.26,0.14,0.861,1.3801,3642888,58614672.61,15646349808.0,4328901671.6
2017-03-10,'000582,北部湾港,16.26,16.4,16.26,16.28,16.27,-0.01,-0.0615,0.6375,1682700,27454263.0,15512783407.2,4291947632.94
2017-03-09,'000582,北部湾港,16.27,16.56,16.24,16.54,16.54,-0.27,-1.6324,0.9716,2564571,41837887.32,15522323864.4,4294587207.13
2017-03-08,'000582,北部湾港,16.54,16.72,16.53,16.71,16.78,-0.24,-1.4303,1.2505,3300701,54737095.82,15779916208.8,4365855710.26
2017-03-07,'000582,北部湾港,16.78,16.9,16.32,16.42,16.39,0.39,2.3795,2.1335,5631497,93947693.28,16008887181.6,4429205490.82
2017-03-06,'000582,北部湾港,16.39,16.43,16.2,16.25,16.23,0.16,0.9858,1.0933,2885850,47141694.23,15636809350.8,4326262097.41
2017-03-03,'000582,北部湾港,16.23,16.4,16.08,16.27,16.4,-0.17,-1.0366,1.3549,3576250,58034214.32,15484162035.6,4284028910.37
2017-03-02,'000582,北部湾港,16.4,16.79,16.4,16.76,16.79,-0.39,-2.3228,1.875,4949086,82035793.6,15646349808.0,4328901671.6
2017-03-01,'000582,北部湾港,16.79,16.93,16.72,16.84,16.85,-0.06,-0.3561,1.2188,3217000,54123290.27,16018427638.8,4431845065.01
2017-02-28,'000582,北部湾港,16.85,16.93,16.68,16.73,16.74,0.11,0.6571,1.0974,2896670,48679018.5,16075670382.0,4447682510.15
2017-02-27,'000582,北部湾港,16.74,16.88,16.62,16.88,16.85,-0.11,-0.6528,1.3029,3439231,57569990.05,15970725352.8,4418647194.06
2017-02-24,'000582,北部湾港,16.85,16.96,16.67,16.8,16.84,0.01,0.0594,1.5434,4074009,68387401.46,16075670382.0,4447682510.15
2017-02-23,'000582,北部湾港,16.84,17.1,16.68,17.06,17.13,-0.29,-1.6929,2.5373,6697277,112672328.25,16066129924.8,4445042935.96
2017-02-22,'000582,北部湾港,17.13,17.52,17.08,17.32,17.29,-0.16,-0.9254,2.4651,6506940,112041243.2,16342803183.6,4521590587.47
2017-02-21,'000582,北部湾港,17.29,17.32,17.05,17.27,17.3,-0.01,-0.0578,2.7687,7308098,125457945.67,16495450498.8,4563823774.51
2017-02-20,'000582,北部湾港,17.3,17.77,17.15,17.31,17.26,0.04,0.2317,4.4655,11787029,204774099.95,16504990956.0,4566463348.7
2017-02-17,'000582,北部湾港,17.26,17.52,16.52,16.57,16.78,0.48,2.8605,6.8351,18041754,310586813.94,16466829127.2,4555905051.94
2017-02-16,'000582,北部湾港,16.78,16.91,16.39,16.45,16.56,0.22,1.3285,2.8271,7462345,124792024.31,16008887181.6,4429205490.82
2017-02-15,'000582,北部湾港,16.56,17.1,16.38,16.75,16.83,-0.27,-1.6043,3.8397,10135176,169338470.7,15798997123.2,4371134858.64
2017-02-14,'000582,北部湾港,16.83,17.08,16.77,16.96,17.12,-0.29,-1.6939,2.5936,6846093,115607766.68,16056589467.6,4442403361.77
2017-02-13,'000582,北部湾港,17.12,17.16,16.65,16.77,17.08,0.04,0.2342,4.3923,11593708,196069955.17,16333262726.4,4518951013.28
2017-02-10,'000582,北部湾港,17.08,17.5,16.48,16.83,17.06,0.02,0.1172,7.2426,19117335,325663474.46,16295100897.6,4508392716.52
2017-02-09,'000582,北部湾港,17.06,17.55,16.9,17.4,16.93,0.13,0.7679,9.463,24978264,429079544.81,16276019983.2,4503113568.14
2017-02-08,'000582,北部湾港,16.93,16.93,16.23,16.3,15.39,1.54,10.0065,4.2818,11302166,189141634.89,16151994039.6,4468799103.67
2017-02-07,'000582,北部湾港,15.39,15.44,15.18,15.34,15.35,0.04,0.2606,0.9653,2548081,38930446.33,14682763630.8,4062304678.41
2017-02-06,'000582,北部湾港,15.35,15.36,15.21,15.33,15.3,0.05,0.3268,0.8229,2172065,33217771.1,14644601802.0,4051746381.65
2017-02-03,'000582,北部湾港,15.3,15.3,14.93,15.19,15.2,0.1,0.6579,0.6168,1628064,24609284.0,14596899516.0,4038548510.7
2017-01-26,'000582,北部湾港,15.2,15.24,15.11,15.13,15.18,0.02,0.1318,0.4692,1238451,18798659.16,14501494944.0,4012152768.8
2017-01-25,'000582,北部湾港,15.18,15.34,15.16,15.2,15.25,-0.07,-0.459,0.5437,1435069,21859205.91,14482414029.6,4006873620.42
2017-01-24,'000582,北部湾港,15.25,15.35,15.1,15.28,15.18,0.07,0.4611,0.7521,1985300,30217089.75,14549197230.0,4025350639.75
2017-01-23,'000582,北部湾港,15.18,15.36,15.1,15.1,15.1,0.08,0.5298,0.745,1966559,29956169.78,14482414029.6,4006873620.42
2017-01-20,'000582,北部湾港,15.1,15.23,14.81,14.91,14.91,0.19,1.2743,0.7177,1894532,28636770.69,14406090372.0,3985757026.9
2017-01-19,'000582,北部湾港,14.91,15.12,14.9,14.96,14.98,-0.07,-0.4673,0.5386,1421587,21353851.65,14224821685.2,3935605117.29
2017-01-18,'000582,北部湾港,14.98,15.28,14.82,14.88,14.95,0.03,0.2007,0.7884,2081148,31372191.06,14291604885.6,3954082136.62
2017-01-17,'000582,北部湾港,14.95,14.99,14.56,14.7,14.81,0.14,0.9453,0.8561,2259633,33419623.66,14262983514.0,3946163414.05
2017-01-16,'000582,北部湾港,14.81,15.82,14.31,15.72,15.75,-0.94,-5.9683,1.5792,4168478,62985139.88,14129417113.2,3909209375.39
2017-01-13,'000582,北部湾港,15.75,16.19,15.75,16.09,16.08,-0.33,-2.0522,1.0688,2821160,44948939.82,15026220090.0,4157329349.25
2017-01-12,'000582,北部湾港,16.08,16.39,16.02,16.22,16.4,-0.32,-1.9512,1.0079,2660518,43043290.83,15341055177.6,4244435297.52
2017-01-11,'000582,北部湾港,16.4,16.85,16.39,16.68,16.55,-0.15,-0.9063,1.4814,3910393,64967134.39,15646349808.0,4328901671.6
2017-01-10,'000582,北部湾港,16.55,16.76,16.4,16.48,16.54,0.01,0.0605,1.3239,3494432,58135169.33,15789456666.0,4368495284.45
2017-01-09,'000582,北部湾港,16.54,16.6,16.23,16.44,16.5,0.04,0.2424,1.3443,3548488,58336463.42,15779916208.8,4365855710.26
2017-01-06,'000582,北部湾港,16.5,17.33,16.12,16.25,16.26,0.24,1.476,2.8723,7581644,126534726.08,15741754380.0,4355297413.5
2017-01-05,'000582,北部湾港,16.26,16.48,16.21,16.37,16.35,-0.09,-0.5505,1.2116,3198031,52123956.16,15512783407.2,4291947632.94
2017-01-04,'000582,北部湾港,16.35,16.35,15.98,16.1,16.12,0.23,1.4268,1.4074,3714999,60190877.77,15598647522.0,4315703800.65
2017-01-03,'000582,北部湾港,16.12,16.16,15.9,15.92,15.9,0.22,1.3836,0.868,2291072,36830678.88,15379217006.4,4254993594.28
2016-12-30,'000582,北部湾港,15.9,16.1,15.9,16.0,15.97,-0.07,-0.4383,0.8412,2220300,35496396.16,15169326948.0,4196922962.1
2016-12-29,'000582,北部湾港,15.97,16.15,15.81,15.89,16.03,-0.06,-0.3743,0.8154,2152218,34449425.7,15236110148.4,4215399981.43
2016-12-28,'000582,北部湾港,16.03,16.29,15.95,16.09,16.06,-0.03,-0.1868,1.015,2679149,43095718.83,15293352891.6,4231237426.57
2016-12-27,'000582,北部湾港,16.06,16.2,16.01,16.11,16.08,-0.02,-0.1244,1.0636,2807407,45185308.16,15321974263.2,4239156149.14
2016-12-26,'000582,北部湾港,16.08,16.15,15.67,16.1,16.25,-0.17,-1.0462,1.53,4038455,64529441.62,15341055177.6,4244435297.52
2016-12-23,'000582,北部湾港,16.25,16.69,16.15,16.69,16.7,-0.45,-2.6946,1.3127,3465000,56733074.0,15503242950.0,4289308058.75
2016-12-22,'000582,北部湾港,16.7,16.8,16.56,16.72,16.85,-0.15,-0.8902,1.1392,3006895,50183585.97,15932563524.0,4408088897.3
2016-12-21,'000582,北部湾港,16.85,16.87,16.59,16.74,16.8,0.05,0.2976,1.8308,4832490,80846260.34,16075670382.0,4447682510.15
2016-12-20,'000582,北部湾港,16.8,17.09,16.05,16.25,16.12,0.68,4.2184,2.7103,7154091,119250955.06,16027968096.0,4434484639.2
2016-12-19,'000582,北部湾港,16.12,16.35,16.01,16.35,16.41,-0.29,-1.7672,1.0451,2758510,44529614.91,15379217006.4,4254993594.28
2016-12-16,'000582,北部湾港,16.41,16.45,16.02,16.05,15.96,0.45,2.8195,1.6603,4382493,71612803.06,15655890265.2,4331541245.79
2016-12-15,'000582,北部湾港,15.96,16.09,15.72,15.78,15.74,0.22,1.3977,0.9654,2548364,40612677.47,15226569691.2,4212760407.24
2016-12-14,'000582,北部湾港,15.74,16.16,15.71,16.14,16.13,-0.39,-2.4179,1.2142,3204925,50931659.29,15016679632.8,4154689775.06
